{
  "project_info": {
    "project_number": "850312175480",
    "project_id": "uc3m-it-2024-16504-g13",
    "storage_bucket": "uc3m-it-2024-16504-g13.appspot.com"
  },
  "client": [
    {
      "client_info": {
        "mobilesdk_app_id": "1:850312175480:android:95561c620092a6b3c7f28d",
        "android_client_info": {
          "package_name": "com.example.myapplication3"
        }
      },
      "oauth_client": [],
      "api_key": [
        {
          "current_key": "AIzaSyBpfPR9_d7vv91w58VsAGx3QIOtCSDA5qY"
        }
      ],
      "services": {
        "appinvite_service": {
          "other_platform_oauth_client": []
        }
      }
    }
  ],
  "configuration_version": "1"
}